15596505995,仲采绿,2018-02-03 20:22:33,0135
18503558939,华贞,2018-08-29 17:06:23,0671
19920860202,卫艺,2018-10-27 14:45:24,1231
15596505995,仲采绿,2018-06-07 19:56:19,0612
19879419704,吕访琴,2018-01-18 03:00:17,0640
19920860202,卫艺,2018-02-16 14:06:00,1460
18302820904,孙怡,2018-09-02 11:26:46,0366
18302820904,孙怡,2018-06-20 18:45:51,0375
18302820904,孙怡,2018-08-28 23:48:19,0817
18674257265,褚美丽,2018-11-06 07:32:39,0943
19920860202,卫艺,2018-05-14 05:40:03,1115
18674257265,褚美丽,2018-06-04 22:33:56,1775
17519874292,卫丹,2018-04-19 15:06:59,0885
18674257265,褚美丽,2018-01-21 07:07:29,0870
13407209608,华啟倩,2018-05-09 09:48:16,0597
15178485516,戚丽红,2018-03-10 18:44:36,1286
16480981069,沈丹,2018-03-25 11:05:36,1624
18411925860,仰莉,2018-01-16 12:01:46,0621
15596505995,仲采绿,2018-09-27 03:32:51,0711
18944239644,钱琳,2018-05-19 19:31:34,1435
